id,name_ja,name_en,domain,difficulty,thinkers,related,essay,essay_chars,related_notes,is_fallback,cost_usd,generated_at
business_anthropology,ビジネス人類学,Business Anthropology,経営学・人類学,2,マリエッタ・バーバ; カレン・ホー,ethnography; habitus; actor_network_theory,ビジネス人類学とは、企業・市場・組織を「異文化」として観察することで、数値では捉えきれない人間行動の論理を明るみに出す実践的知性である。その核心は、調査対象の内側に入り込む参与観察にあり、会議室でのインタビューや消費者アンケートが見落とす「暗黙の秩序」を記述することを目的とする。マリエッタ・バーバは1980年代からゼネラル・モーターズ社内にフィールドワーカーを送り込み、工場文化と意思決定構造の乖離を可視化した先駆者であり、カレン・ホーは2000年代に自らウォール街のアナリストとして潜入し、金融市場が「効率性」ではなく「流動性という文化的信仰」によって駆動されることを告発した。両者に共通するのは、経営学が自明とする前提そのものを問い直す視座である。現代経営においてビッグデータと行動経済学が支配的な語りとなった今、ビジネス人類学の意義はむしろ高まっている。統計は「何が起きているか」を教えてくれるが、「なぜそう行動するか」という文脈的理解は、当事者の時間に付き合い、言語化されない慣行に耳を澄ます他ない。神山氏が関心を持つ暗黙知の概念と照らし合わせれば、ビジネス人類学とは組織の中に堆積した暗黙知を「外の目」によって言語化する試みとも読める。市場調査の精度を上げることではなく、問いの立て方そのものを変える思考の道具である。,565,エスノグラフィー: ビジネス人類学の中心的方法論であり、組織や市場を「一つの文化圏」として捉え、数値化以前の意味の層を「厚い記述」として蓄積する実践がそのままフィールドワークの技法として機能する。 || ハビトゥス: 経営者や従業員が「当然」と感じる判断や慣行の多くは意識的な選択ではなく身体化された性向の産物であり、ビジネス人類学はこのハビトゥスを組織文化の沈殿層として可視化しようとする。 || アクターネットワーク理論: ビジネス人類学が「ヒト」中心の参与観察を起点とするのに対し、アクターネットワーク理論はERPシステムや評価シートといった非人間的アクターも組織文化を形成する共演者として位置づけ、両者は相互補完的な分析視角を形成する。,False,0.016218,2026-09-22T08:42:47+0900
ambidexterity,両利きの経営,Ambidextrous Organization,経営学,2,チャールズ・オライリー; マイケル・タッシュマン,innovators_dilemma; organizational_learning; blue_ocean_strategy,組織が「今を生きること」と「明日を創ること」を同時にこなせるか——両利きの経営とは、この根本的な問いに構造的な答えを与えようとした概念である。オライリーとタッシュマンが定式化したこのフレームの核心は、既存事業を磨き込む「深化（exploitation）」と、未知の領域を手探りする「探索（exploration）」が、互いに相手を食い潰す性質を持つという認識にある。深化は短期の成果をもたらし、探索は長期の生存を支える。だがその二つは、組織の文化・資源配分・意思決定の論理においてほぼ正反対の要求を突きつけてくる。この緊張関係をマネジメントで抑え込もうとすれば、どちらかが必ず犠牲になる。両利きの経営が提唱するのは、両者を分離しつつも統合するという、構造による解決である。この発想の背後には、マーチが1991年に定式化した探索と深化のトレードオフ論があり、組織が本質的にどちらか一方に引き寄せられるという認知的・制度的な力学を踏まえている。神山氏が関心を持つ暗黙知の観点から読み直すと、深化とはすでに身体化された知を洗練することであり、探索とはまだ言語化されていない知の地平を手探りで広げることだとも言える。組織が「知っていること」と「まだ知らないこと」の両方に同時に賭け続けられるかどうか——それが今日の不確実な環境において、生き延びる企業とそうでない企業を分ける分岐点になりつつある。,594,イノベーションのジレンマ: クリステンセンが描いた「合理的な経営判断が招く衰退」は、深化に最適化された組織が探索を自ら封じていく過程そのものであり、両利きの経営はそのジレンマへの処方箋として設計された概念である。優良企業の転落を「失敗」ではなく「構造」として読むなら、両利きはその構造を意図的に破る試みといえる。 || 組織学習: アージリスが提唱したダブルループ学習——前提ごと書き換える深い学習——は、探索フェーズで組織が必要とする認知変容に対応しており、両利きの経営は組織学習論が描く「変容できる組織」を戦略構造として実装しようとした試みとも読める。深化がシングルループ、探索がダブルループの場とするならば、両利きとは二つの学習モードを並行稼働させる組織設計論である。 || ブルーオーシャン戦略: ブルーオーシャンが「どこで戦うか」という市場選択の戦略論であるのに対し、両利きの経営は「その選択を可能にする組織をいかに作るか」という内部能力の問いであり、両者は戦略と組織の異なるレイヤーで補完関係にある。新市場を創出する意志があっても、探索を担う組織構造が伴わなければ青い海に漕ぎ出す船は建造されない。,False,0.018708,2026-09-22T08:44:12+0900
organizational_learning,組織学習,Organizational Learning,経営学,1,ピーター・センゲ; クリス・アージリス,seci_model; knowledge_management; psychological_safety,組織学習とは、組織が単なる個人の集合を超え、共有された思考の枠組みそのものを書き換えていく過程である。クリス・アージリスはここに鋭い区別を持ち込んだ。既存のルールの範囲内で誤りを修正する「シングルループ学習」に対し、そのルール自体を問い直す「ダブルループ学習」こそが、組織を真に変容させると論じた。ピーター・センゲはこれをさらに展開し、メンタルモデル・共有ビジョン・システム思考などの要素が絡み合う「学習する組織」という概念へと昇華させた。背景にあるのはサイバネティクスや行動科学の影響であり、組織を固定した機械ではなく、フィードバックによって自己を更新するシステムとして捉える視点である。現象学的に言えば、これは組織という集合的主体が自らの「地平（horizon）」——暗黙のうちに前提としている世界の見え方——に気づき、それを意識的に組み替えようとする営みに他ならない。AIがデータから学習するように見える時代において、むしろ問われるのは「人間の組織がいかに学ぶか」という問いの根拠そのものである。知識は個人の頭の中にあるのではなく、実践のただなかで生成され、組織の文化として沈殿していく。そのプロセスを経営の中核に置くことが、今この概念が再び光を帯びる理由である。,535,SECIモデル: 組織学習が「組織はいかに変容するか」を問うとすれば、SECIモデルはその変容を駆動する知識の回路を解剖しており、暗黙知が形式知へと浮上し、再び実践へと沈んでいく螺旋こそが学習の実態的な姿を示している。 || 知識経営: 組織学習が変容のプロセスに着目するのに対し、知識経営はそのプロセスによって生まれる知識を経営資源として設計・管理しようとする試みであり、両者は「学ぶこと」と「学んだものを活かすこと」という表裏の関係にある。 || 心理的安全性: ダブルループ学習が前提とする「既存の枠組みを問い直す」という行為は、権威や慣習への挑戦を含むため、心理的安全性のない組織では構造的に抑圧され、組織学習は表層の修正にとどまり続ける。,False,0.015471,2026-09-22T08:44:32+0900
husserl,フッサール,Husserl,現象学,3,フッサール,phenomenology; intentionality; lifeworld,エトムント・フッサールが哲学に突きつけた問いは、驚くほど根本的なものだった。私たちが「ある」と感じているこの世界は、いったいどのようにして意識のなかに立ち現れているのか。彼はその問いを追うために、日常的な思い込みも科学的な確信も、いったんすべて「括弧に入れる」という操作を考案した。エポケー、すなわち判断中止と呼ばれるこの手続きによって、世界の実在を問うことをいったん停止し、意識に純粋に現れてくる構造だけを記述しようとしたのである。出発点は19世紀末の心理学主義批判にある。当時は論理法則も心理的事実として説明しようとする風潮があったが、フッサールは『論理学研究』でそれを痛烈に退け、意識の働きと意識に与えられた内容を厳密に区別することから現象学という新しい学問領域を切り開いた。その影響はハイデガー、メルロ＝ポンティ、サルトルへと波及し、20世紀大陸哲学の地形そのものを作り変えた。経営の現場に引き寄せて考えれば、熟練者が「なぜかうまくいく」と感じる直観の手前には、言語化される以前の知覚の層がある。フッサールが照らし出したのはまさにその層であり、暗黙知や意思決定の研究が今なお現象学に立ち返るのは偶然ではない。見えていると思っていたものを、もう一度「そのもの」として見直す作業は、哲学の営みであると同時に、組織と向き合うリーダーの思考鍛錬でもある。,577,現象学: フッサールが創始した方法論そのものであり、彼が生涯をかけて彫琢した「意識への問い返し」の実践が、そのまま現象学という運動の核を形成している。 || 志向性: フッサールが意識分析の中心に据えた原理であり、意識は常に何かへと向かう運動であるという洞察が、現象学的記述のあらゆる出発点となっている。 || 生活世界: フッサール後期の主著『ヨーロッパ諸学の危機と超越論的現象学』で展開された概念であり、科学が抽象化によって忘却してしまった原初の経験の地平を取り戻すことこそ、エポケーという方法の最終的な射程を示している。,False,0.015486,2026-09-22T08:44:51+0900
dwelling,住まうこと,Dwelling / Wohnen,現象学,3,マルティン・ハイデガー; クリストファー・アレグザンダー,heidegger; being_in_the_world; pattern_language,「住まう」とは、屋根の下に身を置くことではない。ハイデガーが1951年の講演「建てること、住まうこと、考えること」で示したのは、住まうとは一つの存在様式であり、大地・空・死すべき者・神的なものという「四方界（フォーファルト）」を傷つけずに保護しながら、そこに留まり続けることだという洞察だった。建物は住まうことの結果として建てられるのであり、建物があるから住まいが生まれるのではない。この逆転は小さいようで根深い。近代の建築思想が空間を機能とコストの最適解として設計してきたとすれば、ハイデガーはその前提そのものを問い直した。人間は環境を外から操作する主体ではなく、場所との不断の応答関係のなかに織り込まれた存在であり、住まうことはその応答の総体なのだ。この思想を継いだクリストファー・アレグザンダーは、生きた建築が持つ「繰り返し現れる良い形」をパタン・ランゲージとして記述しようとした。その背後にある問いは同じだ、人が場所と深く共鳴するとき、そこに何が起きているのか。リモートワーク時代に「どこでも働ける」が自明になりつつある今、私たちは逆説的に「どこに住まうか」の意味の重さを問い直している。空間の選択がアイデンティティや思考の質に直結するという経営者の肌感覚は、この概念の射程と静かに重なる。,549,ハイデガー: 「住まうこと」はハイデガーの晩年思想における存在論の結晶であり、「存在と時間」で解き明かした現存在の構造を、具体的な場所と身体の次元へと彫り込んだ概念だと言える。抽象的な存在論が、煉瓦と土と光の問題として語り直される瞬間がこの講演にある。 || 世界内存在: 「世界内存在」が主観と客観の二分法を解体したとすれば、「住まうこと」はその解体の後に現れる人間と場所の積極的な関係を記述する概念であり、いわば「世界内存在」の建築的・空間的な展開形である。どちらも、人間が世界に先立って孤立した主体であるという近代的幻想への異議申し立てを共有している。 || パターンランゲージ: アレグザンダーがパタン・ランゲージで捉えようとした「生きた構造」は、ハイデガーの「住まうこと」が照らし出す、人と場所の根源的な共鳴を設計言語として記述する試みだった。住まうことが現象学的な問いだとすれば、パタン・ランゲージはその問いへの実践的な応答である。,False,0.017637,2026-09-22T08:45:12+0900
intentionality,志向性,Intentionality,現象学,2,ブレンターノ; フッサール,phenomenology; yogachara; husserl,意識とは何かを問うとき、私たちはつい「容れ物としての心」を思い描く。しかし志向性という概念は、その直観を根底から覆す。意識は空の器ではなく、常に何かへと向かう動き、「〜についての」という構造を本質とする——フランツ・ブレンターノが19世紀末にスコラ哲学の遺産を再発見する形でこの命題を定式化し、エトムント・フッサールがそれを現象学の礎石として精緻に彫り上げた。知覚、記憶、欲望、判断。どれをとっても意識は必ず対象に向けて「射出」されており、対象なき純粋な心的状態などというものは原理的に存在しない。この洞察の射程は哲学にとどまらない。人工知能研究者たちが「記号はなぜ世界と意味的につながれるのか」と問うとき、あるいは認知科学者が「表象とは何か」と格闘するとき、彼らはいずれもこの古い問いに再び引き戻されている。経営の現場で言えば、戦略を立案するとき「顧客が何を見ているか」ではなく「顧客の意識が何へと向かっているか」を問うことは、志向性の思考法の実践そのものだ。意識は対象から切り離して測れない。それは常に、意識と世界の「あいだ」で起きている出来事である。,478,現象学: 志向性は現象学が解明しようとする意識構造の核心であり、「意識に現れる現象を先入観なく記述する」という現象学の方法は、この「何かへの向かい」という構造を丁寧に追跡する作業にほかならない。 || 唯識: 一切は識の現れであるとする唯識の立場は、外的対象の実在性を括弧に入れる点で志向性論と緊張関係にあり、意識が対象を構成するのか、対象なき識の展開があるのかという問いを互いに照らし合わせる。 || フッサール: フッサールは志向性をブレンターノから継承しつつ、意識がいかにして対象を「構成」するかという問いへと深化させ、志向性の概念を心理学的記述から超越論的分析の道具へと鍛え直した中心人物である。,False,0.014733,2026-09-22T08:45:32+0900
phenomenology,現象学,Phenomenology,現象学,2,フッサール; ハイデガー; メルロ＝ポンティ,intentionality; lifeworld; embodiment,私たちは世界をそのまま見ているつもりで、実は無数の理論や先入観を通して見ている。現象学が問うのは、その層を一枚ずつ剥がしたとき、意識にじかに届いている「もの」とは何か、という問いである。フッサールが20世紀初頭に提唱したこの方法の核心は、科学的説明や常識的判断をいったん「括弧に入れ」（エポケー）、意識に現れるものをあるがままに記述することにある。正しい答えを求めるより先に、正しい問いの立て方を問い直す、いわば哲学の根拠づけ直しの試みだった。ハイデガーはその問いを人間の「存在」そのものへと転回させ、私たちは世界の中に「投げ込まれた」存在として、常にすでに状況の只中にいると論じた。メルロ＝ポンティはさらに踏み込み、思考より前に身体が世界を把握しているという事実に光を当てた。この系譜が現代において再び注目される理由は、人工知能や認知科学が「意識とは何か」という問いに正面から向き合わざるを得なくなった状況と無縁ではない。経営の現場で感じる「データには映らないが確かにある空気」や、暗黙知の手触りを問い直そうとするとき、現象学の問い方はいまなお最も鋭利な道具の一つであり続けている。,492,志向性: 意識が常に「何かについての」意識であるというこの概念は、現象学が「意識の内側」だけでなく「意識と世界の関係構造」そのものを記述しようとする理由を根拠づける、フッサール現象学の出発点である。志向性を認めることで、主観と客観を切り離さず、両者の相関として経験を記述するという現象学固有のスタンスが成立する。 || 生活世界: 現象学が記述しようとする「先入観を括弧に入れた後に現れるもの」の実質が、この生活世界にほかならない。科学が抽象化するより前に私たちが住んでいる前理論的な経験の地平であり、フッサールはこれをすべての知の究極的な正当化根拠として晩年に掘り起こした。 || 身体性: 現象学が「意識に現れるものをそのまま記述する」という方法を突き詰めたとき、思考する純粋な精神ではなく、世界に触れる身体こそが経験の根拠であるという結論をメルロ＝ポンティはひき出した。身体性はその意味で、現象学的記述がたどり着いた一つの終点であり、暗黙知や熟練の問いへの橋渡しでもある。,False,0.016773,2026-09-22T08:45:51+0900
body_schema,身体図式,Body Schema,現象学,2,モーリス・メルロ＝ポンティ; シャウン・ギャラガー,merleau_ponty; embodiment; embodied_cognition,"身体図式とは、自分の身体がどこにあり、どう動いているかを意識せずに知っている、という暗黙の編成のことである。ピアノ奏者が鍵盤を見ずに指を走らせるとき、指は「考えて」動いているのではなく、図式が先回りして動作を束ねている。意識の上に浮かぶ身体の自己像——身体像（body image）——とは異なり、図式は行為の最中に静かに働き、私たちが「できる」ことを下から支えている。

この概念を哲学の中心に据えたのがメルロ＝ポンティである。彼は『知覚の現象学』で、身体を外側から観察される物体としてではなく、世界に向かって開かれた「生きられる身体」として捉え直した。身体図式はその議論の核心に位置し、神経科学者シャウン・ギャラガーが後に実験的・分析的な精度を与えることで、現象学と認知科学の橋渡し概念へと育った。

図式が興味深いのは、その可塑性にある。熟練した外科医にとってメスの先は手の延長であり、長距離ドライバーにとってトラックの車幅は自分の身幅として内在化されている。道具や環境を取り込んで伸縮するこの性質は、組織学習の文脈で言えば、「身体で覚えたこと」がいかに根を張るか——そしていかに変えにくいか——を解き明かす鍵になる。変革を語るとき私たちが直面する「頭ではわかっているのに動けない」という摩擦は、身体図式の書き換えがいかに時間と反復を要するかを示している。",581,メルロ＝ポンティ: 身体図式はメルロ＝ポンティが「生きられる身体」を論じる際の要石であり、意識ではなく行為を通じた身体の自己組織化として彼の現象学を肉付けする概念である。身体図式なくして、「身体が思考に先立って世界を把握する」という彼の核心命題は成立しない。 || 身体性: 身体性が「認識は身体を通じて生まれる」という広い原理を示すとすれば、身体図式はその原理が具体的にどのような仕組みで作動しているかを記述する機構的な概念である。両者は問いの粒度が異なるだけで、同じ地盤の上に立っている。 || 身体化された認知: 身体化された認知が認知科学において「体で考える」を主張するとき、その主張を現象学的に先駆けて示していたのが身体図式の概念であり、道具や環境が図式に取り込まれるという事実はエンボディメント論の最も鮮明な実例である。,False,0.017229,2026-09-22T08:46:16+0900
intersubjectivity,間主観性,Intersubjectivity,現象学,2,フッサール; シュッツ,lifeworld; theory_of_mind; dialogical_self,"私たちは他者の意識を直接のぞくことができない。それでも、会議室の空気が「場」として共有され、沈黙が了解を意味し、一冊の本をめぐって見知らぬ人と議論が噛み合う。この不思議を解くための概念が「間主観性」である。個々の主観はそれぞれ閉じているが、その間には意味が通り合う構造が先立って存在する、とフッサールは考えた。私という視点と、あなたという視点は互いに「置換可能」であるという前提を、私たちはあらかじめ持ち込んで世界を経験している。これは感情移入の技術ではなく、社会的現実そのものの土台をなす構造である。

フッサールがこの問題に苦闘したのは晩年のことで、彼の議論は未完成なまま弟子たちに引き継がれた。社会学者アルフレッド・シュッツはそれを日常世界の記述へと展開し、人々が「当たり前」として共有する意味の在庫が、いかに社会的行為を可能にするかを精緻に論じた。間主観性は現象学の難問であるだけでなく、組織論や経営学における「共通理解の生成」という実践的問いの哲学的基盤でもある。

今、AIが会話を模倣し、リモート環境が場の共有を危うくしている時代に、間主観性という問いは色を失わない。むしろ「共有されているとは何か」という問いが、かつてなく切迫した問題として経営の現場にも忍び込んでいる。",543,生活世界: 間主観性が可能である前提として、すでに共同的な意味の地平が存在するが、フッサールはその地平そのものを「生活世界」と呼んだ。つまり間主観性は生活世界の中で成立し、生活世界は間主観性によって支えられるという、相互前提の関係にある。 || 心の理論: 心の理論は「他者が異なる信念を持つ」と個人が認知できるかを問うが、間主観性はその認知以前に、意味を共有する構造がすでに世界の側にあると見る点で、問いの方向が逆転している。心の理論が主観から出発するのに対し、間主観性は間から出発する。 || 対話的自己: 対話的自己が内部の複数の声の対話として自己を記述するとき、その「声」はもともと間主観的な関係の沈殿物であるという見方ができる。外部の他者との対話が内面化されて複数の自己位置を形成するという発想は、間主観性の内面化モデルとして読み解くことができる。,False,0.01638,2026-09-22T08:46:35+0900
distributed_cognition,分散認知,Distributed Cognition,認知科学・組織学習論,2,エドウィン・ハッチンズ,extended_mind; embodied_cognition; tacit_knowledge,"認知とは、ひとりの頭の中で起きる出来事ではない。エドウィン・ハッチンズが1995年の著作『Cognition in the Wild』で示したのは、この一見シンプルな命題がいかに根深い革命を含んでいるかということだ。彼が観察したのは、米海軍の艦船における航海という日常的な実践である。水先案内人の判断、海図、羅針盤、見張りの声、紙に刻まれた数値——これらが互いに情報を受け渡し、変換し、蓄積することで、はじめて「船が正しい位置を知る」という認知が成立する。知性は個人に宿るのではなく、人と道具と環境が結びついた系の全体に分散しているのだ。

思想史的に見れば、ハッチンズの視点はヴィゴツキーの「道具と記号による媒介」やギブソンの生態学的知覚論を継承しつつ、それを組織の現場に接地させたものといえる。個人の認知能力を所与として分析するのではなく、系がどのように設計され、情報がどのような経路を流れるかを問うことで、学習や判断の単位そのものを問い直す視座を与えた。

現代の経営環境に引き戻せば、この問いはきわめて現実的な射程を持つ。AIツールの導入やリモートワークの常態化によって、組織の「認知系」の設計は意識的であれ無意識であれ日々再編されている。誰が何をどこで知るか、という問題は、もはや情報システムの設計だけでなく、知性そのものの設計の問題として経営者の前に現れている。",587,拡張された心: チャーマーズとクラークが哲学的思考実験として提示した「心の外延化」を、ハッチンズは組織の実践観察によって経験科学の次元で裏付けた——両者は個人の頭蓋骨を認知の境界とみなす前提を、それぞれの方法で解体している。 || 身体化された認知: 身体化された認知が「脳と身体の関係」を問い直すのに対し、分散認知はその問いをさらに「身体と道具と社会的環境の関係」へと拡張する補完関係にある。 || 暗黙知: ポランニーが「語れない知」として個人の内側に残したものを、分散認知の観点からは「系の中に分散して埋め込まれた知」として再記述できる可能性があり、組織の暗黙知が実は人と道具の配置そのものに宿っているという問いを開く。,False,0.016242,2026-09-22T08:46:57+0900
embodied_cognition,身体化された認知,Embodied Cognition,認知科学,2,ヴァレラ; ロッシュ; レイコフ,embodiment; extended_mind; conceptual_metaphor,"認知とは、脳という閉じた容器の中で完結する計算処理ではない。身体化された認知が主張するのは、思考そのものが身体の形状・運動・感覚を素材として成立しているという、ラディカルな問い直しである。私たちは「頭で考えてから体を動かす」のではなく、体が動くことによって初めて思考が生まれている、という逆転が、この概念の核心にある。

哲学的には、メルロ＝ポンティの現象学が下地を作った。「知覚の現象学」が提示した「生きられた身体」という概念、すなわち世界に向かって開かれた身体そのものが認識の主体であるという洞察を、フランシスコ・ヴァレラらは認知科学の言語で再構成した。1991年の共著『身体化された心』は、東洋の仏教的認識論とも接続しながら、計算主義的な認知科学への対抗軸を打ち立てた。ジョージ・レイコフはさらに言語の領域へと踏み込み、私たちが抽象概念を扱う際にも必ず身体経験がその土台を提供していることを示した。

経営の現場で言えば、この概念は「暗黙知はなぜ言語化しにくいのか」という問いに対して、鋭い解答を与える。身体に刻まれた知は、脳内の命題として格納されていないがゆえに、命題として取り出せない。熟練の職人が「感覚でわかる」と語るとき、それは未熟な表現ではなく、認識の真実の姿を言い当てているのかもしれない。AIが言語を流暢に操りながらも「わかっていない」と感じられるとき、私たちが直感しているのは、まさにこの身体の欠如である。",614,身体性: 身体化された認知は、メルロ＝ポンティが「生きられた身体」として現象学的に記述した洞察を、実験科学の言語へと翻訳しようとした試みであり、身体性はその哲学的原風景にあたる。 || 拡張された心: 身体化された認知が「脳の外へ」認知の場を押し広げた先に、さらに道具や環境そのものを認知システムの構成要素として組み込んだのが拡張された心であり、両者は「心の境界はどこか」という問いを共有する兄弟概念である。 || 概念メタファー: レイコフが示した概念メタファーは、身体化された認知の言語論的帰結であり、「上昇は良いこと」「温かさは親密さ」といった抽象的判断が、重力や体温という身体感覚に根を張っていることを証明してみせた。,False,0.016686,2026-09-22T08:47:19+0900
idea,イデア,Idea / Form,古代哲学,2,プラトン,plato; apophatic_theology; ontology,目の前にある「丸いもの」は、すべて完全な円ではない。どれほど精巧に削り出したとしても、拡大すれば歪みが現れ、時間とともに摩耗する。ならば「完全な円」という概念はどこにあるのか。プラトンはこう問い、感覚で捉えられる現象の背後に、変化も欠損もない真の実在の領域を想定した。これがイデア（形相）である。椅子の「椅子性」、美の「美そのもの」、善の「善そのもの」——それらは人間の頭が作り出した便宜的な抽象ではなく、感覚世界よりもむしろ先に、より強く存在しているとプラトンは考えた。この逆転の身振りは、哲学史上まれに見るほど大胆である。背景には、師ソクラテスが対話を通じて追い求めた「定義」への執念がある。「勇気とは何か」「正義とは何か」と繰り返し問い、個別の事例を超えた本質を探ったソクラテスの方法を、プラトンは存在論として結晶化させた。この構図は中世神学に流れ込み、近代の普遍論争を貫き、今日の認知科学における「カテゴリー」概念の問題系にまで静かに届いている。経営の文脈でも、ブランドの「本質」や組織の「理念」を語るとき、私たちは知らぬ間にイデア的な思考の形を借りている。感覚データに溺れがちな現代において、見えない構造への問いを立てる作法として、プラトンの身振りはいまも有効な補助線になりうる。,545,プラトン: イデア論はプラトンの哲学全体の重力中心であり、彼が遺した対話篇のほぼすべては、感覚的現象の背後にある形相の実在をどう認識し、どう生きるかという問いの変奏として読むことができる。 || 否定神学: イデアの頂点に置かれた「善のイデア」は、それ自体いかなる属性によっても十全に語れないとプラトン自身が示唆しており、否定神学が「語りえないものへの接近」として発展した素地はすでにこの沈黙の中に芽生えている。 || オントロジー: 情報科学のオントロジーが「概念と関係を形式的に記述して共有する」試みである以上、それは可視的なデータではなく不変の構造の側に実在を求めるという、イデア論と同型の賭けを機械可読な形で繰り返している。,False,0.0162,2026-09-22T08:47:38+0900
episteme,エピステーメー,Episteme / Scientific Knowledge,古代哲学,2,アリストテレス; プラトン; ミシェル・フーコー,aristotle; theoria; techne,知ることと、ただ意見を持つことのあいだには、越えがたい断絶がある。アリストテレスはその断絶を「エピステーメー」という語で定式化した。エピステーメーとは論証によって根拠を示せる知のことであり、個人の経験や慣習に左右される意見、すなわちドクサとは鋭く区別される。「なぜそうなるか」を普遍的かつ必然的な仕方で説明できて初めて、それは本当の知だとみなされる。プラトンが洞窟の比喩で影と実在を対比させ、アリストテレスが三段論法という論証の型を彫琢したのは、いずれもこの「示せる知」だけが知だという確信に貫かれていた。近代科学は、その確信をそのまま受け継いだ遺産の上に立っている。ところがフーコーは二十世紀になって同じ語をひっくり返し、ある時代に「これが知だ」と認定する枠組みそのものをエピステーメーと呼び直した。証拠を示せる知だけが知として流通する現代において、この問いは刺さる。経営判断の多くは測定できない文脈読解と暗黙の身体知の上に乗っているが、会議で「根拠は何か」と問われた瞬間、示せない知は沈黙を強いられる。エピステーメーの問いとは、知の理想像が何を正統とし、何を見えなくするかを問い直す思考の入口である。,502,アリストテレス: エピステーメーという概念を体系的に定式化した当人であり、論証形式と知の階層を整備することで「示せる知だけが知だ」という西欧認識論の基軸を刻んだ。彼の三段論法はエピステーメーを訓練可能な手続きとして制度化した試みにほかならない。 || 観想知（テオリア）: エピステーメーが「なぜそうかを論証できる知」だとすれば、テオリアはその知を実用から切り離して純粋に見ることに向かわせる態度であり、二つは同じ普遍を向きながら動機の純度で区別される。示せる知の頂点に実用ではなく観想を置いたことが、西欧の学問にある種の貴族性を埋め込んだともいえる。 || テクネー: エピステーメーが「なぜか」を説明する普遍的知であるのに対し、テクネーは「いかに作るか」を知ることであり、アリストテレスは両者を意図的に別の段に置いた。この層の切り分けが、マニュアル化できる技術と言語化できない実践知の隙間をそもそも可視化する原型になっている。,False,0.017232,2026-09-22T08:48:01+0900
techne,テクネー,Techne / Craft Knowledge,古代哲学,1,アリストテレス; プラトン,poiesis; phronesis; episteme,テクネーとは、「作り方を知っている」ということだ。目的の物を生み出すために何をどう組み合わせればよいかを、言語化し、伝達し、手順として記述できる知の層を指す。アリストテレスはこれを、普遍的な論証知であるエピステーメーとも、状況判断の倫理的知であるプロネーシスとも区別し、制作に固有の知として独立した地位を与えた。プラトンが職人の知を哲学者の知より低く置いたのに対し、アリストテレスはテクネーを知の体系の中に正当に位置づけようとした。その差異は小さくない。なぜなら、テクネーを独立させた瞬間に、「言語化できる知」と「言語化できない知」の境界線が鮮明になるからだ。調理学校が教えられるのは火加減の温度域であり、食材の組み合わせの原則であり、段取りの順序だ。それらはすべてテクネーの射程にある。しかし熟練した料理人が「この鍋はあと十秒」と判断するとき、その根拠はマニュアルに収まらない。テクネーの限界こそが、暗黙知や実践知という問いを呼び込む扉になる。経営者が「うちの技術を言語化して標準化したい」と言うとき、彼が求めているのはテクネーの抽出であり、同時に彼が恐れているのは、標準化の過程でテクネーを超えた知が失われることだ。どこまでが書けてどこからが書けないか、その境界を見極めることが、組織の知の設計における最初の問いになる。,562,制作知（ポイエーシス）: テクネーはポイエーシスを導く知であり、「物を作る活動」と「その活動を可能にする規則的知」という行為と知の対関係として理解される。目的が外部の成果物にあるという点でポイエーシスとテクネーは一体であり、テクネーなき制作は習慣的模倣に、制作なきテクネーは空論に留まる。 || 実践知（プロネーシス）: テクネーが「どう作るか」の規則化された知であるのに対して、プロネーシスは規則そのものが通用しない個別状況での判断力であり、両者の差こそが暗黙知論争の古典的な震源地となっている。調理学校が「教えようがない」と評した厨房の判断は、テクネーの外縁でプロネーシスの領域に入り込んでいる。 || エピステーメー: エピステーメーが「なぜそうなるか」を論証する普遍知であるのに対し、テクネーは「どうすれば作れるか」という目的従属的な手続き知であり、アリストテレスはこの区別によって理論と技術を知の種差として整理した。現代の文脈では、マニュアルに書けるテクネーを科学的に基礎づけようとする試みが、エピステーメーへの還元願望として繰り返し現れる。,False,0.018813,2026-09-22T08:48:23+0900
phronesis,実践知（プロネーシス）,Phronesis / Practical Wisdom,古代哲学,2,アリストテレス; ハンス＝ゲオルク・ガダマー; 野中郁次郎,aristotle; tacit_knowledge; techne,"「いま、ここで、何をなすべきか」——この問いに答える知は、マニュアルにも算数にも宿らない。アリストテレスが『ニコマコス倫理学』で「プロネーシス」と呼んだのは、普遍的な真理を扱うエピステーメー（学的知識）でも、物を作る手順としてのテクネー（制作知）でもなく、個別の状況を読み、適切な行為を選び取る能力だった。その知は定義上、規則に先行する。規則は過去の状況を圧縮したものであり、目の前の状況はいつも微妙にずれているからだ。

この「ずれを読む力」こそ、実践知の核にある。ガダマーはプロネーシスを解釈学的理解の模範として再評価し、テクストと読み手の「地平の融合」——つまり普遍と個別が出会う動的な瞬間——に同じ構造を見た。野中郁次郎はさらに経営の文脈へと引き込み、組織のリーダーに求められる能力を「共通善を描きながら文脈を読んで判断する実践知」と定義した。情報処理能力ではなく、状況への感度と価値への準拠が核だという主張は、VUCA（不確実・複雑・曖昧な環境）という現代の言葉と静かに共鳴する。

経営の現場でしばしば「経験がある」と言われる人が持つ何か——言語化を求めると途端に薄まるあの判断の速さと確かさ——は、プロネーシスという概念の光に当てることで、単なる勘でも属人的技能でもなく、蓄積された状況理解の結晶として見えてくる。それは継承できないのではなく、規則の形では継承できない、という違いがある。",601,アリストテレス: プロネーシスを三種の知の一つとして立てた本人であり、「よく生きること」を問う倫理学全体がこの概念の住処である——実践知を語るとは、アリストテレスの知識論の地図そのものを参照することに等しい。 || 暗黙知: 言語化できないが確実に機能する暗黙知は、プロネーシスの現代認識論的な対応物であり、ポランニーが「語れる以上のことを知っている」と言うとき、アリストテレスが二千年前に描いた「規則に還元できない判断の知」を別の語彙で再発見している。 || テクネー: テクネーがマニュアルに書ける知の層であるとすれば、プロネーシスはそのマニュアルをいつ・どう・どこまで使うかを決める上位の知であり、調理学校が教えられるのがテクネーの層で、熟練の料理人が厨房で発揮するのがプロネーシスの層だという区別は、技能習得の本質を照らす。,False,0.018186,2026-09-22T08:48:44+0900
theoria,観想知（テオリア）,Theoria / Contemplation,古代哲学,2,アリストテレス; ハンナ・アーレント,aristotle; phronesis; episteme,"観想知（テオリア）の核心は、「役に立たないこと」にある。アリストテレスは『ニコマコス倫理学』において、人間の活動を三つの知に分類したが、そのなかで最高位に置いたのは制作でも実践でもなく、変化しない普遍的な真理をただそれとして見ることだった。テオリア——英語の「theory」の語源でもある——は、目的の外側に目的を持たない。有用性の連鎖から切り離されているがゆえに、それは純粋な活動として完結する。

この思想は近代以降、ほぼ一貫して圧迫されてきた。生産性と成果によって知の価値を測る論理が支配的になるにつれ、テオリアは「贅沢」か「逃避」と見なされてきたからだ。ハンナ・アーレントはこの構図を反転させ、行為や労働に対する「観想的生（vita contemplativa）」の固有の尊厳を回復しようとした。韓炳哲（ビョンチョル・ハン）が「深い退屈」と呼んで擁護した状態も、この系譜に連なる——退屈とは何も処理していない時間ではなく、普遍に開かれた感受性の条件だという逆説である。

経営の実務に引き寄せて考えると、この概念は問いの形を変える。「この学びは何に使えるか」ではなく、「これを徹底的に見ることで、自分の思考の地図そのものが変わるか」という問いへ。テオリアは効率を否定しない。ただ、その手前に別の次元の知があることを思い出させる。",568,アリストテレス: テオリアをあらゆる知的活動の頂点に置いたのがアリストテレス自身であり、彼の知の三分類（テオリア・プラクシス・ポイエーシス）はそのまま観想知の輪郭を定義する枠組みになっている。プラトンのイデア論を地上に引き戻しながらも、変化しない普遍を「見る」営みの価値は保持したところに、アリストテレス哲学の緊張がある。 || 実践知（プロネーシス）: テオリアが普遍を対象とするのに対し、プロネーシスは個別状況の只中で判断する知であり、両者はアリストテレスの知の体系において相補的な両極をなす。観想が「動かないもの」に向かうとすれば、実践知は「動き続けるもの」の中に踏みとどまることであり、この対比こそが経営者の知的営みに最も実践的な問いを投げかける。 || エピステーメー: エピステーメーは論証によって普遍を掌握しようとする知であり、テオリアの認識対象（普遍・必然）を共有しながらも、その態度において異なる——エピステーメーが「証明する」知であるのに対し、テオリアは「見る」という静止した構えにある。フーコーが同語を転用し時代ごとの知の枠組みを指したとき、その転用自体が、テオリア的な「距離を置いて全体を眺める」視点によって初めて可能になる問いを体現していた。,False,0.01959,2026-09-22T08:49:09+0900
reinforcement_learning_evolution,強化学習と進化,RL and Evolution,機械学習・進化,2,リチャード・サットン,genetic_algorithm; free_energy_principle; predictive_processing,学習と進化は、長らく別々の現象として語られてきた。一方は個体の生涯における変化であり、他方は種を横断する世代的な変化である。しかしリチャード・サットンが強化学習の理論的基盤を整備し、深層学習と交差させた現代において、この区別は揺らぎ始めている。報酬信号をもとに試行錯誤を重ねるエージェントと、変異と選択を繰り返す生物集団は、どちらも環境との相互作用から「より良い構造」を引き出す同型のプロセスではないか、という問いが浮上しているのだ。サットン自身は「報酬仮説」、すなわちすべての目標は報酬の最大化として定式化できるという命題を掲げ続けてきたが、その射程は機械にとどまらず、神経系の進化や行動の適応へと自然に延びていく。思想史的に見れば、この問いの原型はウォルター・バウリンスキーやジョン・ホランドらが進化と計算を繋いだ瞬間にすでに萌芽していた。現代の深層強化学習（DeepMind が AlphaGo で示したような、試行錯誤による自律的な棋力の獲得）と進化計算（個体群を変異・選択させて解を探索する手法）が交差する今、研究者たちは「学習する個体」と「進化する集団」をひとつの連続したスペクトルとして再描画しようとしている。神山氏が関心を寄せる暗黙知の次元でも、この視座は刺激的に響く。職人の身体が積み重ねる試行錯誤と、文化や組織が世代を越えて洗練させてきた慣習とは、スケールと媒体が異なるだけで、同じ探索のダイナミクスが貫いているのかもしれない。,624,遺伝的アルゴリズム: 変異・交叉・選択というホランドの枠組みは、強化学習における探索と活用のトレードオフと構造的に対応しており、今日では両者を融合した「進化的強化学習」として統一的に実装される場面が増えている。個体群レベルの進化的探索と、個体レベルの報酬学習を重ね合わせることで、どちらか単独では到達できない解空間を切り開く試みである。 || 自由エネルギー原理: カール・フリストンの自由エネルギー原理は、生体が予測誤差を最小化することで環境との接点を維持するという枠組みを提供するが、この「最小化」という駆動力は、強化学習における報酬最大化と表裏一体の関係にある。両者を統一的に見るならば、学習も進化も、不確実な環境に対してシステムが自己を更新し続ける同一の熱力学的衝動の異なる表れと捉えることができる。 || プレディクティブ・プロセッシング: 脳が予測と誤差の往復によって世界のモデルを精緻化するというこの視点は、強化学習における「モデルベース強化学習」、すなわちエージェントが環境の内部モデルを持ち、そこから最適行動を導く構造と深く重なる。さらに進化の文脈で言えば、より正確な予測モデルを持つ個体が生存に有利であるという選択圧が、脳そのものをプレディクティブ・マシンとして形成してきた可能性を示唆する。,False,0.020424,2026-09-22T08:49:36+0900
representation_learning,表現学習,Representation Learning,機械学習,2,ヨシュア・ベンジオ,attention_mechanism; foundation_model; embodied_cognition,人間がリンゴを見るとき、脳はピクセルの羅列ではなく「丸い」「赤い」「果物である」という構造化された情報として処理する。表現学習とは、機械がデータから同様の「意味ある見方」を自力で獲得するプロセスであり、あらかじめ人間が特徴を設計するのではなく、膨大な事例から有用な表現を自動的に抽出することを目指す。概念の核は、生データをそのまま扱うのではなく、データの深層にある構造を段階的に抽象化していく点にある。ヨシュア・ベンジオはこれを「表現の階層的学習」として体系化し、単なる技術論を超えた認識論的な問いとして深層学習を再定義した。低層では輪郭や色調、中層では形状、高層では概念という具合に、抽象度が層を経るごとに上昇していく構造は、知覚から概念形成を説明しようとしたカントの認識論、あるいはメルロ＝ポンティの知覚現象学と奇妙な共鳴を持つ。暗黙知の探究者にとって特に刺激的なのは、この学習過程が言語化できないまま進行するという点だ。機械は何を表現として選び取るべきかを誰にも教わらず、ただ誤差の勾配に従って自らの世界の見方を更新していく。それはポランニーが職人の技能について語ったのと同型の問題を、計算の文脈で再び立ち上げる営みである。,515,アテンション機構: 表現学習が「何を表現するか」を問うとすれば、アテンション機構は「どの表現に注目するか」をデータから動的に学ぶ仕組みであり、階層的な表現の上に「文脈依存の選択的知覚」を付加した拡張として位置づけられる。 || 基盤モデル: 大量データから汎用的な表現を一度学び、それを様々なタスクへ転用する基盤モデルのパラダイムは、表現学習の論理的到達点であり、「良い表現さえ得られれば、問題は解けた同然である」というベンジオの直観が産業スケールで実証された形だ。 || 身体化された認知: 身体化された認知が「表現は身体と環境の相互作用から立ち上がる」と主張するのに対し、表現学習は身体を持たない機械がそれでも有効な表現を獲得できると示しており、両者の緊張関係は「良い表現とは何か」という問いをめぐる現代の最前線を形成している。,False,0.01629,2026-09-22T08:49:55+0900
illegible_benefits,読めない便益,Illegible Benefits,科学哲学,2,カルロ・コルダスコ,quantification; legibility; goodharts_law,変革的な技術のコストは既存の枠組みで即座に測れるが、最大の便益はまだ存在しない実践に依存するため、原理的に測れない。カルロ・コルダスコが「読めない便益」と呼ぶこの非対称は、技術評価をめぐる深刻な認識論的罠を指している。麻酔の初期批判者たちは誤っていたわけではない——リスクの計算は正確だった。ただし彼らには、その技術が開心術という、それまで想像もされなかった医療行為を可能にするとは見えなかった。見えなかったのは能力の問題ではなく、便益の側が「まだ世界に存在しない」という構造的な理由による。この認識は、ジェームズ・スコットが国家の視線として論じた「可読性」の問題系と通底する。把握できるものだけが政策の俎上に乗るならば、把握できないものは体系的に過小評価され続ける。測定に基づく慎重さが、意図せず保守性の擁護論に変質するのはそのためだ。「測れることと重要であることは同じではない」というコルダスコの命題は、数値化への信頼が「個人的判断への不信」から生まれるとしたセオドア・ポーターの洞察と重なりながら、別の問いを突きつける——私たちは未来の実践を思考の外に置いたまま、現在の証拠だけで変化を裁いていないか。暗黙知の信奉者にとってこの問いは、組織が新事業の芽を摘む場面で繰り返し目撃される光景と深く共鳴するはずだ。,557,定量化: 測定という営みが世界を写すのではなく作り変えるとするポーターの命題は、読めない便益の問題を制度的に説明する——数値化への圧力が強まるほど、測れないもの＝重要でないものという等式が組織や政策の中に静かに埋め込まれていく。 || 可読性（国家の視線）: スコットの「可読性」が把握できない現実を標準化された格子に整形する権力作用を指すとすれば、読めない便益はその逆側——格子の外にある未来の実践こそが最も重要であるという、可読性の論理が構造的に取りこぼすものを照らしている。 || グッドハートの法則: 指標が目標化されると機能しなくなるというグッドハートの観察は、読めない便益と因果の方向が対称的だ——こちらは「測れるものを最大化しようとして失敗する」逆説であり、「測れないものを無視した結果、本当の便益を見落とす」読めない便益と合わせて、測定中心主義の二つの失敗様式を構成している。,False,0.017457,2026-09-22T08:50:16+0900
metis,メティス（実践的狡知）,Metis,政治哲学,2,ジェームズ・C・スコット; マルセル・デティエンヌ; ジャン＝ピエール・ヴェルナン,legibility; phronesis; tacit_knowledge,メティスとは、あらかじめ答えが決まっていない状況で、その場その場の手触りを読みながら動く知のかたちである。古代ギリシアでは、波を読む船乗りや相手の重心を崩すレスラーの技として語られ、論理的推論とも職人的技術とも違う第三の知として認識されていた。その本質は「移ろう現実に張り付いていること」であり、状況が固定されたとたんに機能しなくなる。デティエンヌとヴェルナンがギリシア神話の層から掘り起こしたこの概念を、政治哲学の文脈で鮮やかに再武装したのがジェームズ・C・スコットである。彼の論点は単純にして鋭い。国家や大規模組織が現場を「上から見えるかたち」に均一化しようとするとき、最初に消えるのがメティスだ——記録に載らず、引き継ぎ書に書けず、だから計画書の上には存在しない。その損失は、計画が現実の抵抗にぶつかって初めて可視化される。農業集団化、近代都市計画、標準化された教育制度。スコットが並べる失敗事例に共通するのは、現場の実践者が何十年もかけて磨いた状況対応力を、合理化の名の下に外部から上書きしたことである。経営の文脈に引き寄せれば、デジタル変革や業務標準化のプロジェクトが現場の「なんとなくうまくやる力」を削いでいないかという問いと、これはほぼ同型だ。見えないものは管理できないが、見えるように整形した瞬間に失われるものもある。,567,可読性（国家の視線）: 可読性はメティスの天敵であり、国家が現実を格子状に整形するプロセスそのものが、格子の目の粗さに収まらない実践的狡知を不可視化し、最終的に消去する構造的な圧力として機能する。 || 実践知（プロネーシス）: メティスとプロネーシスはともに「いま、ここの状況」に応答する非命題的な知であるが、アリストテレスが倫理的判断の文脈で立てたプロネーシスに対し、メティスはより狡猾で身体的な即応性を含み、道徳的価値中立のまま状況に張り付く点で区別される。 || 暗黙知: ポランニーが「語れる以上のことを知っている」と述べた暗黙知は、メティスが言語化・記録化を本質的に逃れる理由の認識論的な根拠を与えており、スコットの議論が「なぜメティスは計画書に書けないか」を問うとき、その答えはポランニーの地平に着地する。,False,0.017559,2026-09-22T08:50:36+0900
untranslatability,翻訳不可能性,Untranslatability,言語哲学,2,バーバラ・カッサン; ヴァルター・ベンヤミン; 九鬼周造,linguistic_relativity; kuki_shuzo; differance,"翻訳不可能性とは、「訳せない」という壁の話ではない。バーバラ・カッサンが『ヨーロッパ哲学語彙集』で仕掛けた逆説は鋭い——訳せないからこそ、訳し続けるしかないのだ。翻訳不可能な語とは翻訳を断念させるものではなく、翻訳という行為を永遠に更新させ続けるものであり、そこに概念の核がある。「いき」を英訳すれば何かが落ち、Freundlichkeit を「親切さ」と置き換えれば別の何かが落ちる。その落ちたものの輪郭を丁寧に測ることでしか、私たちは他者の言語が開いた世界に近づけない。

ヴァルター・ベンヤミンはこの事態を「純粋言語」という概念で捉えた。翻訳とは原作の模造品を作る作業ではなく、原語と訳語の両方の背後に潜む言語の本質を一瞬だけ照らし出す働きだという。翻訳は失敗するたびに、言語が世界をいかに分節しているかという問いをあらためて浮かび上がらせる。これは認識論的な営みであり、模倣の技術とはまったく別次元にある。

この視角は現代の知的実践に直接的な含意を持つ。グローバルな経営判断やチーム運営の場で、言語を揃えたつもりでも何かがすれ違う経験は珍しくない。その「すれ違い」は往々にして翻訳の不備ではなく、翻訳不可能性そのものが姿を現した瞬間だ。マイケル・ポランニーが語った暗黙知——言語化しきれない知の層——と翻訳不可能性は地続きであり、落ちたものを拾おうとし続ける姿勢こそが、異なる世界観を抱えた他者との対話を可能にする。",613,言語相対論: 翻訳不可能性は言語相対論の実践的な試練場であり、ある語が他言語に移し替えられない事実は、言語が話者の世界分節を規定しているという仮説の最も具体的な証拠として機能する。 || 九鬼周造: 九鬼は「いき」を西洋哲学の概念装置で記述しようとした瞬間に翻訳不可能性の核心に触れており、その試みの緊張そのものが、落ちるものの輪郭を測るという翻訳の本質的な運動を体現している。 || 差延: デリダの差延が「意味は常に他へとずれ続ける」と示したように、翻訳不可能性もまた意味の完結を拒む構造を持ち、訳すたびに生じるずれがさらなる訳し直しを呼ぶという無限の連鎖は、差延の運動と同型である。,False,0.018387,2026-09-22T08:50:57+0900
knowledge_informatics,知識情報学,Knowledge Informatics,情報学・知識工学,2,上田完次,ontology; knowledge_management,知識情報学とは、人間の知を「構造」として捉え、それを機械が扱える形へと変換し、再び人間の思考と協働させることを目指す学際領域である。ここで核となるのは、知識は単なるデータの蓄積ではなく、概念と概念の間の関係性——何が何に属し、何が何を含意するか——という網目の中にこそ宿るという認識だ。上田完次が切り拓いた日本における知識工学の文脈は、記号処理や推論システムを人間の思考過程に接続しようとする試みとして、認知科学や言語哲学の問いと深く共鳴していた。オントロジー設計（ある領域の概念群とその関係を形式的に記述すること）や知識グラフといった手法は、暗黙のうちに人間が保持している「世界の分節のしかた」を、あえて明示的な言語へと引き出す作業にほかならない。その意味でこの領域は、フッサールの現象学が問うた「事象そのものへ」という姿勢——経験の構造を記述し尽くそうとする志向——と奇妙な親縁性を持つ。AIがあらゆる領域に浸透する今、機械が「知っている」とはどういうことかを問い直す知識情報学の問いは、経営判断の質や組織の知的資産のあり方を考える者にとって、決して専門家だけの関心事ではなくなっている。,496,オントロジー: 知識情報学がめざす「人間と機械の協働知」を実装するための骨格そのものであり、どの概念をどう分節し関係づけるかというオントロジー設計の選択が、知識システム全体の推論能力と表現限界を決定づける。 || 知識経営: 知識経営が問う暗黙知の形式知化というプロセスは、知識情報学が技術的に引き受ける課題と重なり、オントロジーや知識グラフは組織知を機械可読な形で流通・活用させるための実装基盤として機能する。,False,0.013209,2026-09-22T08:51:12+0900
communicative_competence,コミュニケーション能力,Communicative Competence,社会言語学,2,デル・ハイムズ,language_game; multimodal_communication; linguistic_relativity,「正しい文法で話しているのに、なぜか相手に伝わらない」という経験は、コミュニケーション能力という概念がすでに予告していた事態である。社会言語学者デル・ハイムズが1970年代に提起したこの概念の核心は、言語の能力を「正しい文を生成できる力」から「いつ、誰に、何を、いかに語るかを判断できる力」へと根本的に問い直した点にある。ある発言が文法的に完璧でも、場の文脈、話し手と聞き手の関係、発話の目的から逸脱していれば、それは「使えない言語」にすぎない。ハイムズが批判したのはチョムスキーの言語能力概念、すなわち話者が内的に備える理想化された文法体系の概念であった。チョムスキーは言語の普遍的構造を探ろうとしたが、ハイムズはその抽象性が社会的現実を消去していると見て、言語使用を民族誌的なフィールドワークの対象として再定位した。この視座の転換は、外国語教育における「読み書き偏重から実践的運用力へ」という改革の理論的根拠になっただけでなく、今日われわれが「空気を読む」「場を読む」と呼ぶ能力を、学習可能な構造を持つものとして捉え直す契機を与えている。暗黙知や身体知に関心を持つ者にとって、コミュニケーション能力は「言語化できない知」と「言語的なやりとり」の接続面として、いまなお豊かな問いを孕んでいる。,547,言語ゲーム: ハイムズが「状況ごとに異なる適切さの規則」を重視したことは、言葉の意味がその都度の生活様式のなかで決まるというウィトゲンシュタインの洞察と深く共鳴し、コミュニケーション能力を支える「規則の束」が実は複数のゲームにまたがることを示唆する。 || マルチモーダルコミュニケーション: ハイムズが問いかけた「適切な言語使用」は、発話だけを単位としていたが、マルチモーダルの観点はその「適切さ」の判断が身振り・視線・空間といった非言語チャネルをも動員して成立していることを明らかにし、コミュニケーション能力の射程を言語外へと押し広げる。 || 言語相対論: コミュニケーション能力が文化・共同体ごとに異なる形をとるという事実は、言語相対論の主張、すなわち話す言語や言語文化が認知の枠組みそのものを形成するという視点と結びつくとき、「ある文化での有能な話者」が別の文化では根本的な様式の違いに直面するという実践的問題として立ち現れる。,False,0.017445,2026-09-22T08:51:35+0900
